Search Engine,Iteration,Total Energy (J),Average Power (W),Duration (s),Energy Delay Product,Temperature
Bing,1,130.68963623046875,38.63128472671261,3.33,"[435.19648864746097, 1449.204307196045, 4825.85034296283]",
DuckDuckGo,1,38.19012451171875,19.148094905680747,1.757,"[67.10004876708985, 117.89478568377683, 207.14113844639587]",
Mojeek,1,10.8482666015625,6.052636296172704,1.604,"[17.400619628906252, 27.91059388476563, 44.76859259116407]",
Startpage,1,72.7950439453125,10.450233651165988,6.869,"[500.0291568603515, 3434.7002784737547, 23592.95621283622]",
OceanHero,1,52.86651611328125,12.620218883550002,4.028,"[212.94632690429685, 857.7478047705076, 3455.008157615605]",
Ecosia,1,87.795654296875,18.372906248773155,4.632,"[406.66947070312494, 1883.6929882968748, 8725.265921791124]",
You.com,1,26.0008544921875,21.7534467483086,1.026,"[26.676876708984377, 27.370475503417968, 28.08210786650684]",
Google,1,23.7694091796875,8.521475042273323,2.66,"[63.226628417968755, 168.18283159179688, 447.3663320341798]",
Swisscows,1,21.918334960930224,6.476796302714327,3.14,"[68.82357177732091, 216.10601538078765, 678.5728882956732]",
Brave Search,1,67.35760498046875,26.008908891475073,2.376,"[160.04166943359374, 380.25900657421874, 903.4953996203436]",
Qwant,1,25.78643798828125,10.798340866114428,2.302,"[59.360380249023436, 136.64759533325196, 314.562764457146]",
OceanHero,2,81.01568603515625,19.348264732096137,4.171,"[337.91642645263676, 1409.4494147339478, 5878.813508855297]",
Bing,2,19.555114746101026,5.166931959475484,3.611,"[70.61351934817081, 254.9854183662448, 920.7523457205101]",
Mojeek,2,29.63763427734375,21.276119366363066,1.186,"[35.150234252929685, 41.688177823974605, 49.44217889923388]",
You.com,2,45.52593994140625,13.445323974537207,3.188,"[145.13669653320312, 462.6957885478516, 1475.074173890551]",
Ecosia,2,53.227294921875,38.17381235137743,1.235,"[65.73570922851563, 81.1836008972168, 100.26174710806276]",
Qwant,2,31.699462890625,15.923466537937973,1.963,"[62.226045654296875, 122.14972761938478, 239.7799153168523]",
Brave Search,2,22.1917724609375,9.293037043943677,2.142,"[47.53477661132812, 101.81949150146484, 218.09735079613768]",
Startpage,2,89.51531982421875,12.837274051619707,6.697,"[599.484096862793, 4014.7449966901245, 26886.74724283376]",
DuckDuckGo,2,14.68695068359375,10.543396039909368,1.2,"[17.6243408203125, 21.149208984375, 25.379050781249997]",
Google,2,25.52386474609375,8.010500519718956,3.16,"[80.65541259765625, 254.8711038085938, 805.3926880351563]",
Swisscows,2,23.45654296875,7.362861345760787,3.012,"[70.651107421875, 212.8011355546875, 640.9570202907187]",
Google,3,12.40325927734375,4.44514661406923,2.559,"[31.73994049072266, 81.22250771575929, 207.84839724462802]",
DuckDuckGo,3,59.1693115234375,29.701289498027243,1.82,"[107.68814697265626, 195.99242749023438, 356.7062180322266]",
Swisscows,3,66.13153076171875,25.549611201100156,2.377,"[157.19464862060545, 373.65167977117915, 888.1700428160927]",
Startpage,3,132.55999755859375,18.47623410802657,7.056,"[935.3433427734375, 6599.782626609375, 46568.06621335575]",
OceanHero,3,42.22222900390625,11.166947633934475,3.621,"[152.88669122314454, 553.6027089190063, 2004.595408995722]",
Mojeek,3,17.8585205078125,12.820187012069274,1.369,"[24.44831457519531, 33.46974265344238, 45.82007769256262]",
Brave Search,3,19.28314208984375,6.917062226765805,2.457,"[47.37868011474609, 116.40941704193114, 286.0179376720248]",
Qwant,3,13.222412109375,5.535929310860944,2.181,"[28.838080810546877, 62.89585424780273, 137.17585811445778]",
Ecosia,3,15.3843994140625,9.644253793074258,1.465,"[22.538145141601564, 33.01838263244629, 48.37193055653382]",
You.com,3,115.6514892578125,36.32270391262955,3.022,"[349.49880053710933, 1056.1853752231443, 3191.792203924342]",
Bing,3,60.9033203125,15.302341787060303,3.864,"[235.3304296875, 909.3167803125, 3513.6000391274993]",
Swisscows,4,10.0771484375,4.207748975386372,2.186,"[22.028646484375, 48.15462121484374, 105.26600197564842]",
Brave Search,4,24.21435546875,10.11059311905999,2.209,"[53.48951123046875, 118.15833030810548, 261.011751650605]",
You.com,4,36.79443359375,11.50693097905298,3.12,"[114.7986328125, 358.171734375, 1117.49581125]",
Google,4,10.817138671875,3.1827389330614473,3.256,"[35.220603515625, 114.67828504687499, 373.39249611262494]",
Ecosia,4,11.49505615234375,5.2433632562671315,1.839,"[21.139408264160156, 38.87537179779052, 71.49180873613678]",
Startpage,4,11.16436767578125,1.6423001741820313,6.624,"[73.95277148437499, 489.8631583125, 3244.853560662]",
Qwant,4,13.387451171875,3.9475132296362325,3.137,"[41.99643432617187, 131.74281448120118, 413.27720902752804]",
Mojeek,4,5.43731689453125,3.8925153372190198,1.062,"[5.774430541992188, 6.1324452355957035, 6.512656840202638]",
OceanHero,4,21.63531494140625,5.41650505640998,3.751,"[81.15406634521484, 304.40890286090087, 1141.8377946312391]",
Bing,4,14.72259521484375,4.095869378495123,3.478,"[51.205186157226564, 178.091637454834, 619.4027150679127]",
DuckDuckGo,4,15.733154296875,5.628134678870076,2.678,"[42.13338720703125, 112.83321094042968, 302.1673388984707]",
DuckDuckGo,5,9.8876953125,4.503577569131167,1.87,"[18.489990234375, 34.57628173828125, 64.65764685058595]",
Mojeek,5,4.834228515625,3.0216981897402047,1.48,"[7.154658203125, 10.588894140625, 15.671563328124998]",
Brave Search,5,12.40228271484375,4.448263547613907,2.622,"[32.51878527832031, 85.26425499975586, 223.56287660935985]",
Bing,5,13.18072509765625,3.479156938062021,3.499,"[46.11935711669922, 161.37163055133058, 564.6393352991057]",
Startpage,5,10.54034423828125,1.550344703396925,6.624,"[69.819240234375, 462.4826473125, 3063.485055798]",
Ecosia,5,10.62359619140625,5.913924276329564,1.682,"[17.868888793945313, 30.055470951416012, 50.55330214028173]",
Qwant,5,10.8873291015625,4.554342784274563,2.112,"[22.9940390625, 48.5634105, 102.56592297600001]",
OceanHero,5,12.49212646484375,3.297307524722709,3.535,"[44.159667053222655, 156.1044230331421, 551.8291354221574]",
Google,5,7.9012451171875,2.4724655534753848,2.953,"[23.332376831054685, 68.90050878210448, 203.46320243355453]",
You.com,5,19.16912841796875,6.412902320849037,2.844,"[54.51700122070312, 155.04635147167969, 440.95182358545696]",
Swisscows,5,12.3443603515625,3.6385442658778726,3.076,"[37.97125244140625, 116.79957250976562, 359.2754850400391]",
Swisscows,6,7.13787841796875,2.9748774133934646,2.294,"[16.374293090820313, 37.5626283503418, 86.16866943568408]",
Google,6,6.2852783203125,2.0989170298105106,2.939,"[18.472432983398438, 54.290480538208016, 159.55972230179333]",
Startpage,6,17.29888916015625,2.5448308905799677,6.699,"[115.88525848388672, 776.3153465835571, 5200.536506763249]",
You.com,6,18.6197509765625,6.224824173765966,2.789,"[51.930485473632814, 144.83412398596192, 403.94237179684785]",
DuckDuckGo,6,19.741455078125,6.184834715109973,2.826,"[55.789352050781254, 157.6607088955078, 445.5491633387051]",
OceanHero,6,34.94500732421875,10.279248378842743,3.17,"[110.77567321777343, 351.15888410034177, 1113.1736625980834]",
Mojeek,6,5.13531494140625,3.6735301349801466,1.246,"[6.398602416992188, 7.972658611572266, 9.933932630019042]",
Brave Search,6,12.31036376953125,4.110620648817002,2.727,"[33.57036199951172, 91.54637717266844, 249.64697054986686]",
Ecosia,6,10.07537841796875,5.043350296403895,1.984,"[19.98955078125, 39.659268749999995, 78.6839892]",
Bing,6,24.87744140625,5.942613501730191,3.972,"[98.81319726562499, 392.48601953906245, 1558.9544696091564]",
Qwant,6,19.97296142578125,9.986480712890625,1.855,"[37.04984344482422, 68.72745959014892, 127.48943753972625]",
You.com,7,20.44073486328125,6.036462290485055,3.173,"[64.8584517211914, 205.79586731134032, 652.9902869788829]",
Ecosia,7,5.5457763671875,3.089126936221908,1.635,"[9.067344360351562, 14.825108029174805, 24.239051627700807]",
Bing,7,12.72100830078125,3.745918781349302,3.34,"[42.488167724609376, 141.9104802001953, 473.98100386865224]",
Google,7,4.53741455078125,1.5127189291182475,2.674,"[12.133046508789063, 32.443766364501954, 86.75463125867822]",
Swisscows,7,8.51025390625,3.0474483273650614,2.549,"[21.69263720703125, 55.29453224072265, 140.94576268160205]",
Brave Search,7,8.2606201171875,4.139816514211683,1.875,"[15.488662719726562, 29.041242599487305, 54.452329874038696]",
Startpage,7,10.9085693359375,1.5155112363984637,6.993,"[76.28362536621094, 533.4513921859132, 3730.425585556091]",
DuckDuckGo,7,8.4278564453125,6.032623269107816,1.35,"[11.377606201171876, 15.359768371582033, 20.735687301635746]",
Mojeek,7,10.32958984375,3.2351526423315304,2.952,"[30.49294921875, 90.01518609375, 265.72482934874995]",
Qwant,7,12.7027587890625,3.7418956570536506,3.121,"[39.64531018066406, 123.73301307385255, 386.17073380349376]",
OceanHero,7,25.86962890625,4.626488339875297,5.33,"[137.8851220703125, 734.9277006347656, 3917.164644383301]",
Brave Search,8,12.1754150390625,3.814029501910186,3.041,"[37.02543713378906, 112.59435432385254, 342.39943149883555]",
Ecosia,8,14.33819580078125,6.528642217880952,1.9,"[27.242572021484374, 51.76088684082031, 98.34568499755858]",
Google,8,5.3218994140625,1.9030726666255384,2.643,"[14.065780151367186, 37.17585694006347, 98.25578989258774]",
DuckDuckGo,8,9.19610595703125,4.6061490312892595,1.823,"[16.76450115966797, 30.561685614074705, 55.71395287445819]",
You.com,8,40.0906982421875,11.811916837317332,3.195,"[128.08978088378905, 409.246849923706, 1307.5436855062405]",
Qwant,8,17.71044921875,8.857560047552216,1.687,"[29.87752783203125, 50.40338945263672, 85.03051800659814]",
Mojeek,8,5.99920654296875,3.000345047993876,1.803,"[10.816569396972655, 19.502274622741698, 35.162601144803276]",
OceanHero,8,10.849609375,2.5880832676683267,4.008,"[43.485234375, 174.28881937499997, 698.549588055]",
Swisscows,8,11.36407470703125,3.5630721662511777,3.042,"[34.56951525878906, 105.16046541723631, 319.8981357992328]",
Startpage,8,8.7686767578125,1.3716713986804137,6.075,"[53.26971130371094, 323.61349617004396, 1965.951989233017]",
Bing,8,15.0625,3.7744134490813446,3.724,"[56.09275, 208.88940100000002, 777.9041293240001]",
Startpage,9,9.01898193359375,1.41045278041207,6.272,"[56.567054687500004, 354.78856700000006, 2225.233892224]",
Ecosia,9,11.15521240234375,5.594797259000079,1.636,"[18.249927490234374, 29.856881374023434, 48.84585792790234]",
Mojeek,9,7.2252197265625,3.6192590148005657,1.824,"[13.17880078125, 24.038132625, 43.84555390800001]",
You.com,9,19.603271484375,6.547969850064123,2.809,"[55.065589599609375, 154.67924118530277, 434.49398848951546]",
Swisscows,9,11.16949462890625,4.309774014679769,2.471,"[27.599821228027345, 68.19915825445557, 168.5201200467597]",
Google,9,5.253173828125,1.6425196968730371,2.857,"[15.008317626953126, 42.87876346020508, 122.50462720580593]",
Brave Search,9,12.7108154296875,4.54628313862841,2.584,"[32.8447470703125, 84.8708264296875, 219.30621549431254]",
DuckDuckGo,9,9.825927734375,4.480375844956316,1.937,"[19.032822021484375, 36.866576255615236, 71.41055820712671]",
Bing,9,15.845458984375,3.7832386010455927,3.888,"[61.60714453125, 239.5285779375, 931.287111021]",
Qwant,9,9.962890625,4.989694873292242,1.805,"[17.983017578125, 32.45934672851563, 58.589120844970694]",
OceanHero,9,13.26446533203125,2.8903346929535587,4.312,"[57.19637451171875, 246.63076689453126, 1063.471866849219]",
OceanHero,10,15.14068603515625,3.4538223036569566,4.212,"[63.77256958007812, 268.61006307128906, 1131.3855856562693]",
You.com,10,19.2027587890625,6.013920654603584,2.994,"[57.493059814453126, 172.1342210844727, 515.3698579269113]",
Ecosia,10,8.792236328125,5.507693650135443,1.466,"[12.88941845703125, 18.895887458007813, 27.701371013439452]",
Bing,10,14.65936279296875,3.865316815238817,3.596,"[52.715068603515626, 189.5633866982422, 681.669938566879]",
Qwant,10,12.19488525390625,5.094175993697328,2.136,"[26.048274902343753, 55.639115191406255, 118.84515004884378]",
DuckDuckGo,10,10.96612548828125,5.502318109100189,1.796,"[19.695161376953127, 35.37250983300781, 63.52902766008204]",
Startpage,10,9.03082275390625,1.4116208157946715,6.255,"[56.48779632568359, 353.3311660171509, 2210.086443437279]",
Mojeek,10,5.51336669921875,4.60034880007132,1.082,"[5.965462768554688, 6.454630715576172, 6.98391043425342]",
Brave Search,10,12.92852783203125,3.8095233498893823,3.076,"[39.76815161132813, 122.32683435644532, 376.27734248042583]",
Swisscows,10,10.3663330078125,3.0555578508639245,3.056,"[31.679513671875, 96.81259378125, 295.8592865955]",
Google,10,6.1751708984375,1.9345073604104508,2.976,"[18.37730859375, 54.690870375, 162.760030236]",
You.com,11,18.83807373046875,6.742952980758984,2.714,"[51.126532104492185, 138.7574081315918, 376.5876056691401]",
OceanHero,11,14.88995361328125,3.926989200473998,3.513,"[52.30840704345703, 183.75943394366453, 645.5468914440935]",
Ecosia,11,10.62322998046875,5.327168833670305,1.725,"[18.325071716308596, 31.61074871063233, 54.52854152584077]",
DuckDuckGo,11,13.73736572265625,5.300875008682234,2.459,"[33.78018231201172, 83.06546830523682, 204.25798656257737]",
Qwant,11,10.42498779296875,4.35953827159888,2.235,"[23.299847717285154, 52.07515964813232, 116.38798181357572]",
Mojeek,11,6.2562255859375,2.8441645315979756,1.914,"[11.974415771484374, 22.91903178662109, 43.86702683959277]",
Swisscows,11,8.12091064453125,3.1358750870110774,2.324,"[18.872996337890623, 43.8608434892578, 101.93260026903513]",
Google,11,6.37188720703125,1.9922505671055475,3.068,"[19.548949951171874, 59.97617845019532, 184.00691548519924]",
Bing,11,16.2047119140625,3.868879074969341,3.978,"[64.46234399414062, 256.4312044086914, 1020.0833311377746]",
Startpage,11,10.53179931640625,1.4632841330676822,7.098,"[74.75471154785156, 530.6089425666504, 3766.2622743380844]",
Brave Search,11,8.2315673828125,4.117550950553548,1.809,"[14.890905395507811, 26.937647860473632, 48.73020497959679]",
DuckDuckGo,12,28.361328125,12.895118431066912,2.082,"[59.048285156249996, 122.93852969531248, 255.95801882564055]",
Mojeek,12,5.18438720703125,2.361474313818739,2.016,"[10.451724609375, 21.0706768125, 42.478484454]",
Brave Search,12,7.98431396484375,4.002002351847127,1.898,"[15.154227905273437, 28.76272456420898, 54.59165122286864]",
Google,12,6.7802734375,2.120101487816279,2.98,"[20.20521484375, 60.211540234375, 179.43038989843748]",
OceanHero,12,10.01165771484375,2.7922503685964544,3.393,"[33.96955462646484, 115.2586988475952, 391.0727651898905]",
Ecosia,12,10.36663818359375,5.775469210745568,1.596,"[16.545154541015627, 26.40606664746094, 42.144082369347664]",
You.com,12,18.16839599609375,5.36164565936299,3.076,"[55.88598608398438, 171.90529319433594, 528.7806818657774]",
Startpage,12,18.14117431640625,2.520632762472301,7.096,"[128.72977294921876, 913.4664688476563, 6481.958062942969]",
Bing,12,20.72119140625,4.944829491229398,3.96,"[82.05591796875, 324.94143515625, 1286.76808321875]",
Swisscows,12,9.59332275390625,3.203844642319647,2.854,"[27.379343139648437, 78.14064532055666, 223.01340174486867]",
Qwant,12,15.5224609375,4.326224100782798,3.357,"[52.10890136718751, 174.92958188964846, 587.23860640355]",
Startpage,13,25.852294921889552,4.16994181110866,6.057,"[156.587350341885, 948.4495810207976, 5744.759112242972]",
Bing,13,14.52532958984375,3.6418574347568287,3.803,"[55.23982843017578, 210.0770675199585, 798.9230877784021]",
Swisscows,13,12.097106933579198,3.7929132356071045,3.053,"[36.93246746821729, 112.75482318046738, 344.24047516996694]",
DuckDuckGo,13,9.326110839858302,4.677277991527413,1.731,"[16.14349786379472, 27.944394802228665, 48.371747402657824]",
Google,13,6.952331542983302,1.9352266363869117,3.256,"[22.636791503953628, 73.70539313687301, 239.9847600536585]",
Mojeek,13,5.182495117172948,2.8806152002880605,1.509,"[7.820385131813978, 11.800961163907294, 17.807650396336104]",
Ecosia,13,13.1610107421875,5.500726492161296,2.103,"[27.677605590820317, 58.20600455749512, 122.40722758441228]",
Brave Search,13,9.668151855454198,4.407230828541244,2.05,"[19.819711303681103, 40.63040817254626, 83.29233675371982]",
You.com,13,19.108337402329198,6.8426614447744525,2.579,"[49.280402160607004, 127.09415717220547, 327.77583134711796]",
OceanHero,13,12.3045654296875,3.0830186240038264,3.668,"[45.13314599609375, 165.5483795136719, 607.2314560561484]",
Qwant,13,8.2340087890625,5.157040734985965,1.516,"[12.48275732421875, 18.923860103515622, 28.68857191692969]",
Swisscows,14,8.686340332045802,3.3533261022339578,2.479,"[21.533437683141543, 53.381392016507895, 132.33247080892306]",
OceanHero,14,12.666931152372854,3.3465175835565715,3.591,"[45.48694976817092, 163.34363661750177, 586.5669990934489]",
Qwant,14,21.61749267578125,9.834758397812962,1.969,"[42.564843078613286, 83.81017602178956, 165.02223658690366]",
Mojeek,14,4.745849609375,2.9689012460373156,1.324,"[6.2835048828125, 8.31936046484375, 11.014833255453128]",
DuckDuckGo,14,23.47576904296875,7.829787057847856,2.819,"[66.17819293212891, 186.55632587567138, 525.9022826435177]",
Ecosia,14,11.1236572265625,5.065777579525892,2.151,"[23.926986694335934, 51.466948379516595, 110.70540596434019]",
You.com,14,19.060668945327052,5.980221829826287,2.92,"[55.65715332035499, 162.51888769543655, 474.55515207067475]",
Google,14,4.62762451171875,1.543413274052579,2.815,"[13.02676300048828, 36.67033784637451, 103.22700103754424]",
Brave Search,14,9.149291992172948,3.2751808796301973,2.564,"[23.45878466793144, 60.14832388857621, 154.22030245030942]",
Startpage,14,9.25128173828125,1.4017093542850378,6.399,"[59.19895184326172, 378.8140928450317, 2424.031380115358]",
Bing,14,13.9713134765625,3.888302392496356,3.315,"[46.31490417480469, 153.53390733947754, 508.964902830368]",
Bing,15,14.2135009765625,3.556155104134006,3.921,"[55.73113732910156, 218.5217894674072, 856.8239365017037]",
Ecosia,15,9.496643066420802,4.330257800907458,2.088,"[19.828990722686637, 41.402932628969694, 86.44932332928873]",
Brave Search,15,8.099731445297948,4.511541199369963,1.596,"[12.927171386695527, 20.63176553316606, 32.92829779093304]",
Qwant,15,9.037109375,3.4887707109012607,2.371,"[21.426986328125, 50.803384583984375, 120.45482484862696]",
Swisscows,15,11.782592773422948,4.915419152028554,2.341,"[27.583049682583123, 64.5719193069271, 151.16286309751635]",
You.com,15,19.892700195327052,6.65418758424768,2.867,"[57.03237146000266, 163.51180897582762, 468.7883563336978]",
OceanHero,15,21.631896972641698,4.708758156864719,4.279,"[92.56288714593383, 396.0765940974508, 1694.811746142992]",
Startpage,15,9.311767578110448,1.3318539281907829,6.842,"[63.711113769431684, 435.9114404104515, 2982.5060752883096]",
Google,15,6.81500244140625,2.0067579070386827,3.205,"[21.84208282470703, 70.00387545318604, 224.36242082746125]",
DuckDuckGo,15,14.4892578125,4.547960770190084,3.103,"[44.9601669921875, 139.51139817675784, 432.9038685424796]",
Mojeek,15,5.03057861328125,2.801514523845355,1.563,"[7.862794372558594, 12.28954760430908, 19.208562905535093]",
Brave Search,16,12.788879394545802,4.585445428704217,2.484,"[31.76757641605177, 78.9106598174726, 196.01407898660193]",
Mojeek,16,5.17095947265625,3.6984634125566975,1.34,"[6.929085693359376, 9.284974829101564, 12.441866270996096]",
Swisscows,16,9.52740478515625,3.1863987090399917,2.834,"[27.00066516113281, 76.51988506665039, 216.85735427888721]",
Startpage,16,19.81280517578125,2.915952199315176,6.501,"[128.8030464477539, 837.3486049568482, 5443.603280824471]",
You.com,16,22.46112060546875,7.504286569566534,2.788,"[62.62160424804687, 174.58903264355467, 486.75422301023036]",
OceanHero,16,12.61126708984375,3.1636290430423784,3.716,"[46.86346850585938, 174.14464896777346, 647.1215155642461]",
Bing,16,15.33782958984375,3.8415470602524335,3.806,"[58.375779418945314, 222.17821646850587, 845.6102918791333]",
Google,16,7.023925781235448,2.0662949686348933,3.118,"[21.900600585892125, 68.28607262681165, 212.9159744503987]",
DuckDuckGo,16,29.5855712890625,13.452041925715124,1.926,"[56.981810302734374, 109.74696664306639, 211.37265775454588]",
Qwant,16,11.536926269516698,3.4014224132163795,3.396,"[39.179401611278706, 133.05324787190247, 451.84882977298076]",
Ecosia,16,9.800964355454198,4.919720520318892,1.804,"[17.680939697239374, 31.89641521381983, 57.54113304573097]",
Qwant,17,9.26898193359375,4.645463493002084,1.968,"[18.2413564453125, 35.898989484375, 70.64921130525]",
Google,17,7.067626953125,2.5289569753412713,2.534,"[17.909366699218747, 45.382335215820305, 114.99883743688864]",
Ecosia,17,10.0283203125,4.576024264165286,1.979,"[19.846045898437502, 39.275324833007815, 77.72586784452247]",
Swisscows,17,9.709594726577052,3.048239952360298,3.018,"[29.30355688480954, 88.4381346783552, 266.90629045927597]",
Bing,17,14.29302978515625,3.766294498034994,3.608,"[51.56925146484375, 186.06185928515626, 671.3111883008438]",
Startpage,17,8.3951416015625,1.3129580799658922,6.194,"[51.999507080078125, 322.08494685400393, 1994.9941608137]",
Brave Search,17,7.910095214858302,3.962210037008726,1.832,"[14.491294433620409, 26.54805140239259, 48.63603016918323]",
You.com,17,31.75775146484375,12.252086024511105,2.562,"[81.36335925292968, 208.45292640600584, 534.0563974521868]",
OceanHero,17,14.02154541015625,3.061649721731962,4.353,"[61.03578717041015, 265.6887815527954, 1156.5432660993183]",
Mojeek,17,4.134277343735448,3.4486591077009177,1.136,"[4.696539062483469, 5.33526837498122, 6.060864873978666]",
DuckDuckGo,17,17.584045410170802,5.190745417694775,3.186,"[56.022768676804176, 178.4885410042981, 568.6644916396938]",
You.com,18,34.788757324189646,11.611517262409166,2.739,"[95.28640631095544, 260.9894668857069, 714.8501497999513]",
DuckDuckGo,18,15.301269531264552,5.486390715615921,2.706,"[41.405235351601874, 112.04256686143468, 303.18718592704226]",
Brave Search,18,16.932922363295802,10.585660311454015,1.54,"[26.076700439475534, 40.15811867679232, 61.84350276226018]",
OceanHero,18,24.796142578125,6.208435902044438,3.847,"[95.39076049804687, 366.9682556359863, 1411.7268794316394]",
Mojeek,18,7.539123535141698,4.719614958634082,1.292,"[9.740547607403075, 12.584787508764773, 16.259545461324088]",
Ecosia,18,9.277099609389552,4.224334340387463,2.135,"[19.80660766604669, 42.28710736700968, 90.28297422856566]",
Bing,18,13.635192871108302,3.411966448456878,3.727,"[50.81836383062064, 189.4000419967231, 705.893956521787]",
Google,18,5.44036865234375,1.6015746781645113,3.227,"[17.55606964111328, 56.65343673187255, 182.82064033375272]",
Startpage,18,15.992736816420802,2.352439390991417,6.577,"[105.18423004159962, 691.7966809836007, 4549.946770829142]",
Qwant,18,10.19195556640625,3.192426499409823,3.015,"[30.728746032714845, 92.64716928863525, 279.3312154052353]",
Swisscows,18,9.9697265625,3.117988241377719,2.851,"[28.4236904296875, 81.03594141503908, 231.03346897427636]",
DuckDuckGo,19,15.136962890625,10.842642691695081,1.206,"[18.255177246093748, 22.01574375878906, 26.550986973099604]",
Ecosia,19,9.419921875,5.241434426363629,1.578,"[14.86463671875, 23.456396742187504, 37.01419405917188]",
OceanHero,19,13.859497070327052,3.164263185493128,4.108,"[56.934813964903526, 233.88821576782365, 960.8127903742195]",
Mojeek,19,3.76239013671875,2.6874215262276784,1.128,"[4.243976074218749, 4.787205011718749, 5.399967253218749]",
Swisscows,19,8.86981201171875,3.177887861110773,2.542,"[22.547062133789062, 57.314631944091786, 145.69379440188132]",
Google,19,4.353271484360448,1.6776182737173124,2.355,"[10.251954345668855, 24.143352484050155, 56.85759509993811]",
Startpage,19,10.340270996079198,1.6179182076696226,6.286,"[64.99894348135383, 408.5833587237901, 2568.354992937745]",
Bing,19,15.223449707045802,3.817593675166543,3.796,"[57.78821508794586, 219.36406447384246, 832.7059887427059]",
Brave Search,19,9.2481689453125,4.636774571097712,1.724,"[15.943843261718749, 27.487185783203124, 47.38790829024219]",
You.com,19,19.604919433608302,7.5616636744475745,2.526,"[49.52202648929457, 125.09263891195808, 315.98400589160605]",
Qwant,19,10.2965087890625,5.158631137867033,1.695,"[17.452582397460937, 29.582127163696292, 50.14170554246522]",
Google,20,6.03753662109375,1.7813885243658334,3.274,"[19.766894897460936, 64.7168138942871, 211.882848689896]",
Ecosia,20,11.0052490234375,5.525381270365463,1.768,"[19.4572802734375, 34.4004715234375, 60.8200336534375]",
Brave Search,20,8.20257568359375,3.7314640217689674,2.142,"[17.569917114257812, 37.634762458740234, 80.61366118662157]",
Startpage,20,9.22802734375,1.399954212397183,6.317,"[58.293448730468754, 368.23971563037117, 2326.170283637054]",
Qwant,20,10.2255859375,5.695383997352253,1.607,"[16.4325166015625, 26.407054178710936, 42.43613606518848]",
You.com,20,17.8914794921875,5.605639261216883,3.061,"[54.76581872558594, 167.63817111901855, 513.1404417953157]",
Swisscows,20,10.602478027329198,3.5403465897145554,2.66,"[28.20259155269567, 75.01889353017047, 199.5502567902535]",
DuckDuckGo,20,16.83154296875,4.6845300313416045,3.327,"[55.998543457031246, 186.30715408154296, 619.8439016292934]",
Bing,20,14.91217041015625,3.929713909287333,3.58,"[53.38557006835938, 191.12034084472657, 684.2108202241212]",
Mojeek,20,9.396057128891698,2.942146512127647,2.861,"[26.88211944575915, 76.90974373431695, 220.03877682388077]",
OceanHero,20,21.73797607421875,5.441298595025892,3.906,"[84.90853454589843, 331.6527359362793, 1295.435586567107]",
OceanHero,21,12.046020507827052,2.877105252830115,3.982,"[47.96725366216732, 191.0056040827503, 760.5843154575117]",
Google,21,5.345886230454198,1.572444959743888,3.251,"[17.3794761352066, 56.50067691555665, 183.68370065247464]",
You.com,21,46.30822753907705,14.50298663959287,2.971,"[137.58174401859793, 408.7553614792544, 1214.412178954865]",
Bing,21,14.7066650390625,3.511839914789705,4.054,"[59.62082006835938, 241.70280455712893, 979.8631696746007]",
Ecosia,21,10.04461669921875,6.291262372654333,1.359,"[13.650634094238281, 18.551211734069824, 25.211096746600887]",
Startpage,21,9.92913818359375,1.3797903140785306,6.979,"[69.29545538330078, 483.61298312005613, 3375.1350091948716]",
Brave Search,21,13.248474121079198,4.151605193933895,2.982,"[39.50694982905817, 117.80972439025149, 351.3085981317299]",
Qwant,21,10.6435546875,4.445837458573763,2.174,"[23.139087890625, 50.30437707421874, 109.36171575935155]",
Swisscows,21,11.575317382827052,4.1372708048875895,2.494,"[28.86884155277067, 71.99889083261006, 179.56523373652948]",
DuckDuckGo,21,16.439880371108302,4.842794871073869,3.265,"[53.67620941166861, 175.252823729098, 572.200469475505]",
Mojeek,21,3.06842041015625,1.9211612873939556,1.341,"[4.114751770019531, 5.517882123596191, 7.399479927742492]",
You.com,22,18.64453125,5.494573752696155,3.173,"[59.15909765625, 187.71181686328123, 595.6095949071914]",
Swisscows,22,10.763061523422948,3.369072573863327,2.985,"[32.1277386474175, 95.90129986254122, 286.26538008968555]",
DuckDuckGo,22,28.335815429672948,9.452843747541449,2.735,"[77.4984552001555, 211.9582749724253, 579.7058820495832]",
Ecosia,22,11.36920166015625,5.6989730758283965,1.736,"[19.73693408203125, 34.26331756640625, 59.481119295281246]",
Qwant,22,20.553283691420802,10.29937084716305,1.725,"[35.454414367700885, 61.158864784284034, 105.49904175288997]",
Mojeek,22,7.97186279296875,4.982862807997507,1.409,"[11.232354675292969, 15.826387737487794, 22.2993803221203]",
OceanHero,22,16.138488769545802,3.8490209604605123,4.151,"[66.99086688238462, 278.07908842877856, 1154.3062960678596]",
Startpage,22,9.598876953125,1.500661073617577,6.337,"[60.828083251953124, 385.4675635676269, 2442.7079503280515]",
Google,22,5.6640625,1.8890905332325691,2.802,"[15.870703125, 44.46971015625, 124.6041278578125]",
Brave Search,22,9.25018310546875,5.15660220454486,1.592,"[14.726291503906252, 23.444256074218753, 37.32325567015626]",
Bing,22,14.972534179672948,3.574913665702296,4.014,"[60.099752197207216, 241.24040531958977, 968.3389869528335]",
DuckDuckGo,23,14.1405029296875,10.113992465115757,1.273,"[18.000860229492186, 22.91509507214355, 29.17091602683874]",
Ecosia,23,10.60919189453125,5.315790070960307,1.684,"[17.865879150390626, 30.086140489257808, 50.665060583910154]",
Qwant,23,11.59686279296875,3.630014064923004,3.134,"[36.34456799316406, 113.90387609057618, 356.9747476678657]",
OceanHero,23,12.7109375,3.187336063864261,3.759,"[47.7804140625, 179.60657646093748, 675.141120916664]",
Google,23,4.1932373046875,1.6130126670008698,2.352,"[9.862494140625, 23.196586218749996, 54.55837078649999]",
Swisscows,23,8.60675048828125,2.8721286895086924,2.915,"[25.088677673339845, 73.13349541778565, 213.18413914284517]",
Bing,23,15.18658447265625,4.224851385699112,3.364,"[51.08767016601562, 171.85892243847655, 578.1334150830351]",
Brave Search,23,21.555786132797948,8.990010911689458,2.267,"[48.86696716305295, 110.78141455864103, 251.1414668044392]",
You.com,23,37.150146484375,12.407555866081685,2.684,"[99.7109931640625, 267.62430565234376, 718.3036363708908]",
Startpage,23,14.00067138671875,2.2602965345492128,6.085,"[85.1940853881836, 518.4060095870972, 3154.500568337486]",
Mojeek,23,4.8592529296875,3.042346820160418,1.339,"[6.506539672851562, 8.712256621948242, 11.665711616788695]",
Qwant,24,9.982604980483302,3.341816606638254,2.768,"[27.631850585977777, 76.48496242198648, 211.71037598405857]",
Ecosia,24,25.4256591796875,15.923001274990723,1.341,"[34.095808959960934, 45.722479815307615, 61.31384543232751]",
You.com,24,18.702758789091604,5.864157461050853,3.022,"[56.519737060634824, 170.80264539723842, 516.1655943904545]",
Startpage,24,9.97198486328125,1.5118727924363882,6.466,"[64.47885412597657, 416.9202707785645, 2695.8064708541983]",
DuckDuckGo,24,15.586425781264552,4.886875344285791,3.021,"[47.08659228520021, 142.24859529358983, 429.73300638193484]",
Mojeek,24,5.2652587890625,3.2996170964073297,1.418,"[7.466136962890625, 10.586982213378905, 15.012340778571286]",
Bing,24,34.6300048828125,10.198750621356993,3.24,"[112.20121582031251, 363.53193925781255, 1177.8434831953127]",
Google,24,5.182678222685354,1.9992478307741108,2.37,"[12.282947387764288, 29.110585309001365, 68.99208718233325]",
OceanHero,24,18.41180419921875,3.0769353767535716,5.84,"[107.5249365234375, 627.9456292968749, 3667.2024750937494]",
Swisscows,24,11.71466064453125,3.9144599952889205,2.696,"[31.58272509765625, 85.14702686328127, 229.55638442340629]",
Brave Search,24,7.432861328110448,4.1304657646877905,1.551,"[11.528367919899305, 17.880498643763822, 27.732653396477687]",
You.com,25,23.212341308608302,6.467078127457737,3.239,"[75.18477349858229, 243.52348136190804, 788.7725561312201]",
Startpage,25,8.689025878891698,1.242031954553042,6.868,"[59.67622973622819, 409.8563458284152, 2814.893383149556]",
Brave Search,25,6.4365234375,3.5845586030195187,1.614,"[10.388548828125, 16.767117808593753, 27.06212814307032]",
Qwant,25,10.46990966796875,5.25897630854464,1.709,"[17.893075622558595, 30.579266238952638, 52.259966002370064]",
OceanHero,25,14.404235839858302,3.138881997563176,4.35,"[62.65842590338361, 272.56415267971863, 1185.654064156776]",
Mojeek,25,7.23272705078125,4.524234215817859,1.491,"[10.783996032714844, 16.078938084777835, 23.973696684403752]",
DuckDuckGo,25,10.90350341796875,4.974383776348004,2.159,"[23.54066387939453, 50.82429331561278, 109.729649268408]",
Google,25,5.361877441420802,1.918149401799272,2.734,"[14.659372924844472, 40.07872557652479, 109.57523572621876]",
Swisscows,25,9.284545898452052,3.8788163841730223,2.22,"[20.611691894563556, 45.7579560059311, 101.58266233316705]",
Ecosia,25,15.37127685546875,11.01309552435728,1.197,"[18.399418395996094, 22.024103820007326, 26.36285227254877]",
Bing,25,15.669921875,4.142946789612105,3.602,"[56.443058593749996, 203.3078970546875, 732.3150451909844]",
You.com,26,22.392700195297948,7.488589901815425,2.852,"[63.86398095698974, 182.14007368933474, 519.4634901619827]",
Bing,26,15.068725585922948,4.192350676174137,3.283,"[49.470626098585036, 162.41206548165468, 533.1988109762723]",
Ecosia,26,15.372009277329198,7.697590276816295,1.687,"[25.932579650854358, 43.74826187099131, 73.80331777636232]",
Brave Search,26,11.917419433608302,4.980876290025496,2.311,"[27.541156311068786, 63.64761223487996, 147.08963187480757]",
Mojeek,26,4.950683593735448,3.0980325823362254,1.341,"[6.6388666991992356, 8.902720243626176, 11.9385478467027]",
Startpage,26,10.161132812529104,1.4948650002698434,6.605,"[67.11428222675474, 443.2898341077151, 2927.929354281458]",
Qwant,26,11.3798828125,5.181255593262867,1.99,"[22.645966796875, 45.065473925781255, 89.6802931123047]",
DuckDuckGo,26,10.68304443359375,5.359956520885643,1.794,"[19.165381713867188, 34.38269479467773, 61.68255446165186]",
OceanHero,26,13.93096923828125,3.0393074807419187,4.28,"[59.624548339843756, 255.19306689453126, 1092.2263263085938]",
Swisscows,26,10.3919677734375,3.717871869286391,2.547,"[26.468341918945313, 67.41486686755373, 171.7056659116593]",
Google,26,6.022888183579198,1.7718317323304174,3.068,"[18.47822094722098, 56.69118186607397, 173.92854596511495]",
Swisscows,27,9.77642822265625,3.2670907638779596,2.711,"[26.50389691162109, 71.85206452740478, 194.79094693379434]",
Brave Search,27,8.806884765610448,3.389934809634579,2.256,"[19.868332031217168, 44.82295706242593, 101.1205911328329]",
Qwant,27,12.069213867172948,3.5564439521496207,3.174,"[38.30768481440693, 121.58859160092761, 385.92218974134425]",
Ecosia,27,13.100280761733302,8.213203276830168,1.364,"[17.868782959004225, 24.373019956081766, 33.24479922009553]",
Google,27,6.78717041015625,1.9971953416554062,3.217,"[21.834327209472658, 70.24103063287355, 225.96539554595418]",
Bing,27,15.454223632827052,3.8722101719571556,3.838,"[59.31331030279023, 227.6444849421089, 873.6995332078139]",
OceanHero,27,15.073425292983302,3.28136721630717,4.335,"[65.34329864508261, 283.2631996264331, 1227.9459703805876]",
You.com,27,19.619323730483302,7.0394311427095095,2.579,"[50.59823590091644, 130.4928503884635, 336.54106115184743]",
Mojeek,27,7.077880859389552,4.431625634590739,1.422,"[10.064746582051942, 14.312069639677862, 20.351763027621917]",
Startpage,27,10.235778808579198,1.5525820426982766,6.434,"[65.85700085439856, 423.72394349720037, 2726.239852460987]",
DuckDuckGo,27,10.11529541015625,5.071587337321336,1.875,"[18.96617889404297, 35.561585426330566, 66.67797267436981]",
Ecosia,28,11.3756103515625,8.159802745591746,1.286,"[14.629034912109375, 18.812938896972657, 24.19343942150684]",
Qwant,28,4.44903564453125,3.1894508027722317,1.277,"[5.681418518066406, 7.2551714475708, 9.26485393854791]",
Startpage,28,11.035278320297948,1.6746215448521016,6.336,"[69.9195234374078, 443.01010049941584, 2806.9119967642987]",
Mojeek,28,6.555236816391698,3.2846974128381285,1.785,"[11.70109771725918, 20.88645942530764, 37.282330074174126]",
OceanHero,28,12.1827392578125,3.0540027714255236,3.94,"[47.99999267578125, 189.11997114257812, 745.1326863017578]",
DuckDuckGo,28,14.641662597685354,6.119025660132389,2.202,"[32.240941040103145, 70.99455217030713, 156.33000387901632]",
Bing,28,14.88287353515625,3.9261114468053484,3.53,"[52.53654357910156, 185.45399883422849, 654.6526158848266]",
You.com,28,20.332214355454198,6.80060939053504,2.768,"[56.279569335897214, 155.7818479217635, 431.2041550474413]",
Swisscows,28,12.028015136704198,3.7730538066261947,3.049,"[36.6734181518111, 111.81725194487204, 340.93080117991485]",
Google,28,5.850952148422948,1.724761593030936,3.208,"[18.76985449214082, 60.21369321078775, 193.16552782020713]",
Brave Search,28,8.927185058608302,3.7248953303360377,2.095,"[18.702452697784395, 39.181638401858315, 82.08553245189317]",
Google,29,5.932373046889552,1.7470565647097003,3.114,"[18.473409668014064, 57.52619770619579, 179.13657965709368]",
OceanHero,29,13.9622802734375,3.1837300962375794,4.136,"[57.7479912109375, 238.8456916484375, 987.8657806579375]",
Swisscows,29,22.073913574247854,7.908857664623971,2.566,"[56.64166223151999, 145.34250528608027, 372.948868564082]",
Bing,29,16.282653808608302,4.083922956460709,3.691,"[60.09927520757324, 221.82642479115282, 818.7613339041451]",
Ecosia,29,10.702026367202052,4.875867206689822,1.996,"[21.361244628935296, 42.63704427935485, 85.10354038159228]",
Qwant,29,5.6744384765625,3.551363345965714,1.489,"[8.449238891601563, 12.580916709594728, 18.73298498058655]",
You.com,29,19.229614257797948,6.429585059079634,2.811,"[54.05444567867003, 151.94704680274145, 427.12314856250623]",
Brave Search,29,10.059997558579198,4.198058749756718,2.117,"[21.29701483151216, 45.08578039831125, 95.44659710322492]",
DuckDuckGo,29,15.912109375,4.984785587943403,2.853,"[45.397248046875006, 129.5183486777344, 369.51584877757625]",
Startpage,29,10.5546875,1.5528283272838332,6.545,"[69.0804296875, 452.13141230468744, 2959.20009353418]",
Mojeek,29,5.8568115234375,3.255304605983395,1.591,"[9.318187133789062, 14.825235729858397, 23.586950046204713]",
DuckDuckGo,30,8.305175781235448,5.213841768955401,1.376,"[11.427921874979976, 15.724820499972445, 21.637353007962083]",
OceanHero,30,21.876037597627146,5.47193517636291,3.874,"[84.74776965320757, 328.3128596365261, 1271.8840182319022]",
Startpage,30,17.799743652329198,2.69798844594141,6.57,"[116.94431579580284, 768.3241547784246, 5047.889696894251]",
Swisscows,30,9.986572265625,3.850087157353776,2.333,"[23.298673095703126, 54.3558043322754, 126.81209150719852]",
Mojeek,30,4.453369140625,2.786453477102354,1.373,"[6.114475830078125, 8.395175314697266, 11.526575707079346]",
Google,30,7.08544921875,1.9708374636856156,3.345,"[23.700827636718753, 79.27926844482423, 265.1891529479371]",
Qwant,30,9.54302978515625,5.316065666330786,1.638,"[15.631482788085936, 25.604368806884764, 41.93995610567723]",
Bing,30,15.208251953125,4.230858713870984,3.54,"[53.8372119140625, 190.58373017578126, 674.6664048222657]",
Brave Search,30,10.231201171889552,5.1293367165489325,1.786,"[18.27292529299474, 32.63544457328861, 58.28690400789345]",
You.com,30,19.376708984375,6.473258013701271,2.875,"[55.708038330078125, 160.1606101989746, 460.461754322052]",
Ecosia,30,10.4552001953125,5.2432510145944935,1.786,"[18.672987548828125, 33.34995576220703, 59.56302099130176]",
