Metric,Engine A,Engine B,Mean A,Mean B,Test Used,Statistic,p-value,Effect Size,Percentage Change (%),Effect Size (non normal),Effect Size (Cohen's d)
Total Energy (J),Bing,Bing,21.577244059246006,21.577244059246006,Welch t-test,0.0,1.0,0.0,0.0,,
Total Energy (J),Bing,DuckDuckGo,21.577244059246006,17.490578206382633,Welch t-test,0.898129884334436,0.37432999508913156,0.23189613898389763,-18.939702594281066,,
Total Energy (J),Bing,Mojeek,21.577244059246006,7.21708374023195,Mann-Whitney U,849.0,3.824890705314935e-09,,-66.5523376367457,0.9433333333333334,
Total Energy (J),Bing,Startpage,21.577244059246006,20.681154378254238,Mann-Whitney U,662.0,0.0017665641434145185,,-4.152938524175365,0.7355555555555555,
Total Energy (J),Bing,OceanHero,21.577244059246006,20.65232137044465,Mann-Whitney U,522.0,0.2904721494938346,,-4.286565449515875,0.58,
Total Energy (J),Bing,Ecosia,21.577244059246006,15.552020263672846,Mann-Whitney U,751.0,8.882879790830555e-06,,-27.92397295516203,0.8344444444444444,
Total Energy (J),Bing,You.com,21.577244059246006,27.587994384766596,Mann-Whitney U,133.0,2.87897208006701e-06,,27.85689548218712,0.14777777777777779,
Total Energy (J),Bing,Google,21.577244059246006,7.562809244791667,Welch t-test,3.32469882273074,0.0022396629514772845,0.858433544772771,-64.95006858139074,,
Total Energy (J),Bing,Swisscows,21.577244059246006,13.254549153646076,Welch t-test,1.8248484973839576,0.07522357658458552,0.47117385598131317,-38.571630754825684,,
Total Energy (J),Bing,Brave Search,21.577244059246006,13.66390380859278,Mann-Whitney U,741.0,1.7479133317173934e-05,,-36.67447162818878,0.8233333333333334,
Total Energy (J),Bing,Qwant,21.577244059246006,13.008162434895834,Welch t-test,2.0150544986290475,0.0521407597465413,0.5202848343260423,-39.71351299925747,,
Total Energy (J),DuckDuckGo,Bing,17.490578206382633,21.577244059246006,Welch t-test,-0.898129884334436,0.37432999508913156,-0.23189613898389763,23.364955718685582,,
Total Energy (J),DuckDuckGo,DuckDuckGo,17.490578206382633,17.490578206382633,Welch t-test,0.0,1.0,0.0,0.0,,
Total Energy (J),DuckDuckGo,Mojeek,17.490578206382633,7.21708374023195,Mann-Whitney U,830.0,2.0152212384295336e-08,,-58.73730613663588,0.9222222222222223,
Total Energy (J),DuckDuckGo,Startpage,17.490578206382633,20.681154378254238,Mann-Whitney U,557.0,0.11536235969206284,,18.241684947312407,0.6188888888888889,
Total Energy (J),DuckDuckGo,OceanHero,17.490578206382633,20.65232137044465,Mann-Whitney U,399.0,0.4552969069031376,,18.076836150037845,0.44333333333333336,
Total Energy (J),DuckDuckGo,Ecosia,17.490578206382633,15.552020263672846,Mann-Whitney U,595.0,0.03265093917842125,,-11.083441152347792,0.6611111111111111,
Total Energy (J),DuckDuckGo,You.com,17.490578206382633,27.587994384766596,Mann-Whitney U,157.0,1.5291673925716366e-05,,57.73060249488625,0.17444444444444446,
Total Energy (J),DuckDuckGo,Google,17.490578206382633,7.562809244791667,Welch t-test,4.643944870900774,3.489226222637621e-05,1.1990614097136032,-56.76066762600303,,
Total Energy (J),DuckDuckGo,Swisscows,17.490578206382633,13.254549153646076,Welch t-test,1.5363332127706923,0.12989528513638687,0.39667952981908183,-24.21891948198003,,
Total Energy (J),DuckDuckGo,Brave Search,17.490578206382633,13.66390380859278,Mann-Whitney U,643.0,0.004427193167173018,,-21.87848996549142,0.7144444444444444,
Total Energy (J),DuckDuckGo,Qwant,17.490578206382633,13.008162434895834,Welch t-test,2.027883588902261,0.048511617776220956,0.5235972911910521,-25.627602007182837,,
Total Energy (J),Mojeek,Bing,7.21708374023195,21.577244059246006,Mann-Whitney U,51.0,3.824890705314935e-09,,198.9745558716842,0.056666666666666664,
Total Energy (J),Mojeek,DuckDuckGo,7.21708374023195,17.490578206382633,Mann-Whitney U,70.0,2.0152212384295336e-08,,142.34966415701453,0.07777777777777778,
Total Energy (J),Mojeek,Mojeek,7.21708374023195,7.21708374023195,Mann-Whitney U,450.0,1.0,,0.0,0.5,
Total Energy (J),Mojeek,Startpage,7.21708374023195,20.681154378254238,Mann-Whitney U,89.0,9.83289055492182e-08,,186.55832636340682,0.09888888888888889,
Total Energy (J),Mojeek,OceanHero,7.21708374023195,20.65232137044465,Mann-Whitney U,47.0,2.6694713877402857e-09,,186.15881585684505,0.052222222222222225,
Total Energy (J),Mojeek,Ecosia,7.21708374023195,15.552020263672846,Mann-Whitney U,91.0,1.1566543205869282e-07,,115.4889817472593,0.10111111111111111,
Total Energy (J),Mojeek,You.com,7.21708374023195,27.587994384766596,Mann-Whitney U,22.0,2.6098527879558533e-10,,282.2595854191924,0.024444444444444446,
Total Energy (J),Mojeek,Google,7.21708374023195,7.562809244791667,Mann-Whitney U,385.0,0.34028846509891686,,4.790376792116939,0.42777777777777776,
Total Energy (J),Mojeek,Swisscows,7.21708374023195,13.254549153646076,Mann-Whitney U,98.0,2.028294855539196e-07,,83.65519412997816,0.10888888888888888,
Total Energy (J),Mojeek,Brave Search,7.21708374023195,13.66390380859278,Mann-Whitney U,108.0,4.4440478739951943e-07,,89.32721720301996,0.12,
Total Energy (J),Mojeek,Qwant,7.21708374023195,13.008162434895834,Mann-Whitney U,115.0,7.599145368665679e-07,,80.2412567611106,0.12777777777777777,
Total Energy (J),Startpage,Bing,20.681154378254238,21.577244059246006,Mann-Whitney U,238.0,0.0017665641434145185,,4.332880382799065,0.2644444444444444,
Total Energy (J),Startpage,DuckDuckGo,20.681154378254238,17.490578206382633,Mann-Whitney U,343.0,0.11536235969206284,,-15.427456869750088,0.3811111111111111,
Total Energy (J),Startpage,Mojeek,20.681154378254238,7.21708374023195,Mann-Whitney U,811.0,9.83289055492182e-08,,-65.1030904357034,0.9011111111111111,
Total Energy (J),Startpage,Startpage,20.681154378254238,20.681154378254238,Mann-Whitney U,450.0,1.0,,0.0,0.5,
Total Energy (J),Startpage,OceanHero,20.681154378254238,20.65232137044465,Mann-Whitney U,234.0,0.0014423282031954528,,-0.13941682017472604,0.26,
Total Energy (J),Startpage,Ecosia,20.681154378254238,15.552020263672846,Mann-Whitney U,415.0,0.6100075520376812,,-24.801004918635293,0.46111111111111114,
Total Energy (J),Startpage,You.com,20.681154378254238,27.587994384766596,Mann-Whitney U,125.0,1.6062129082998958e-06,,33.39678182459071,0.1388888888888889,
Total Energy (J),Startpage,Google,20.681154378254238,7.562809244791667,Mann-Whitney U,811.0,9.83289055492182e-08,,-63.43139697876929,0.9011111111111111,
Total Energy (J),Startpage,Swisscows,20.681154378254238,13.254549153646076,Mann-Whitney U,494.0,0.5201446121616038,,-35.91001299432815,0.5488888888888889,
Total Energy (J),Startpage,Brave Search,20.681154378254238,13.66390380859278,Mann-Whitney U,533.0,0.22257289646656508,,-33.93065223206272,0.5922222222222222,
Total Energy (J),Startpage,Qwant,20.681154378254238,13.008162434895834,Mann-Whitney U,425.0,0.717188813606376,,-37.10137163052359,0.4722222222222222,
Total Energy (J),OceanHero,Bing,20.65232137044465,21.577244059246006,Mann-Whitney U,378.0,0.2904721494938346,,4.478541042485444,0.42,
Total Energy (J),OceanHero,DuckDuckGo,20.65232137044465,17.490578206382633,Mann-Whitney U,501.0,0.4552969069031376,,-15.309383905805179,0.5566666666666666,
Total Energy (J),OceanHero,Mojeek,20.65232137044465,7.21708374023195,Mann-Whitney U,853.0,2.6694713877402857e-09,,-65.05437035005541,0.9477777777777778,
Total Energy (J),OceanHero,Startpage,20.65232137044465,20.681154378254238,Mann-Whitney U,666.0,0.0014423282031954528,,0.13961146203569566,0.74,
Total Energy (J),OceanHero,OceanHero,20.65232137044465,20.65232137044465,Mann-Whitney U,450.0,1.0,,0.0,0.5,
Total Energy (J),OceanHero,Ecosia,20.65232137044465,15.552020263672846,Mann-Whitney U,709.0,0.0001324951052218608,,-24.69601850216605,0.7877777777777778,
Total Energy (J),OceanHero,You.com,20.65232137044465,27.587994384766596,Mann-Whitney U,225.0,0.0009030694895713402,,33.58301902200459,0.25,
Total Energy (J),OceanHero,Google,20.65232137044465,7.562809244791667,Mann-Whitney U,845.0,5.4617466566169245e-09,,-63.38034301744533,0.9388888888888889,
Total Energy (J),OceanHero,Swisscows,20.65232137044465,13.254549153646076,Mann-Whitney U,774.0,1.7290312624849194e-06,,-35.820536026451045,0.86,
Total Energy (J),OceanHero,Brave Search,20.65232137044465,13.66390380859278,Mann-Whitney U,712.0,0.00011057725968083765,,-33.83841184968645,0.7911111111111111,
Total Energy (J),OceanHero,Qwant,20.65232137044465,13.008162434895834,Mann-Whitney U,704.0,0.00017835554843874464,,-37.01355793585656,0.7822222222222223,
Total Energy (J),Ecosia,Bing,15.552020263672846,21.577244059246006,Mann-Whitney U,149.0,8.882879790830555e-06,,38.74238647725509,0.16555555555555557,
Total Energy (J),Ecosia,DuckDuckGo,15.552020263672846,17.490578206382633,Mann-Whitney U,305.0,0.03265093917842125,,12.464991106254944,0.3388888888888889,
Total Energy (J),Ecosia,Mojeek,15.552020263672846,7.21708374023195,Mann-Whitney U,809.0,1.1566543205869282e-07,,-53.593915016366324,0.8988888888888888,
Total Energy (J),Ecosia,Startpage,15.552020263672846,20.681154378254238,Mann-Whitney U,485.0,0.6100075520376812,,32.98050045988089,0.5388888888888889,
Total Energy (J),Ecosia,OceanHero,15.552020263672846,20.65232137044465,Mann-Whitney U,191.0,0.0001324951052218608,,32.795103274687285,0.21222222222222223,
Total Energy (J),Ecosia,Ecosia,15.552020263672846,15.552020263672846,Mann-Whitney U,450.0,1.0,,0.0,0.5,
Total Energy (J),Ecosia,You.com,15.552020263672846,27.587994384766596,Mann-Whitney U,79.0,4.310612299972247e-08,,77.39170806771615,0.08777777777777777,
Total Energy (J),Ecosia,Google,15.552020263672846,7.562809244791667,Mann-Whitney U,793.0,4.1127057365406515e-07,,-51.370888691180284,0.8811111111111111,
Total Energy (J),Ecosia,Swisscows,15.552020263672846,13.254549153646076,Mann-Whitney U,532.0,0.22823006680742364,,-14.772814535184942,0.5911111111111111,
Total Energy (J),Ecosia,Brave Search,15.552020263672846,13.66390380859278,Mann-Whitney U,526.0,0.26432621279678536,,-12.14065068761786,0.5844444444444444,
Total Energy (J),Ecosia,Qwant,15.552020263672846,13.008162434895834,Mann-Whitney U,438.0,0.8649937061644875,,-16.357089211869646,0.4866666666666667,
Total Energy (J),You.com,Bing,27.587994384766596,21.577244059246006,Mann-Whitney U,767.0,2.87897208006701e-06,,-21.787558173636487,0.8522222222222222,
Total Energy (J),You.com,DuckDuckGo,27.587994384766596,17.490578206382633,Mann-Whitney U,743.0,1.5291673925716366e-05,,-36.60076204727483,0.8255555555555556,
Total Energy (J),You.com,Mojeek,27.587994384766596,7.21708374023195,Mann-Whitney U,878.0,2.6098527879558533e-10,,-73.83976653186124,0.9755555555555555,
Total Energy (J),You.com,Startpage,27.587994384766596,20.681154378254238,Mann-Whitney U,775.0,1.6062129082998958e-06,,-25.035672800941782,0.8611111111111112,
Total Energy (J),You.com,OceanHero,27.587994384766596,20.65232137044465,Mann-Whitney U,675.0,0.0009030694895713402,,-25.140185682188086,0.75,
Total Energy (J),You.com,Ecosia,27.587994384766596,15.552020263672846,Mann-Whitney U,821.0,4.310612299972247e-08,,-43.62757927680207,0.9122222222222223,
Total Energy (J),You.com,You.com,27.587994384766596,27.587994384766596,Mann-Whitney U,450.0,1.0,,0.0,0.5,
Total Energy (J),You.com,Google,27.587994384766596,7.562809244791667,Mann-Whitney U,858.0,1.6947244610469585e-09,,-72.58659277903993,0.9533333333333334,
Total Energy (J),You.com,Swisscows,27.587994384766596,13.254549153646076,Mann-Whitney U,814.0,7.694963560950099e-08,,-51.95537243923426,0.9044444444444445,
Total Energy (J),You.com,Brave Search,27.587994384766596,13.66390380859278,Mann-Whitney U,803.0,1.8730978430511631e-07,,-50.471557960959835,0.8922222222222222,
Total Energy (J),You.com,Qwant,27.587994384766596,13.008162434895834,Mann-Whitney U,805.0,1.596405099603832e-07,,-52.84846642538604,0.8944444444444445,
Total Energy (J),Google,Bing,7.562809244791667,21.577244059246006,Welch t-test,-3.32469882273074,0.0022396629514772845,-0.858433544772771,185.30726296059578,,
Total Energy (J),Google,DuckDuckGo,7.562809244791667,17.490578206382633,Welch t-test,-4.643944870900774,3.489226222637621e-05,-1.1990614097136032,131.2709158759755,,
Total Energy (J),Google,Mojeek,7.562809244791667,7.21708374023195,Mann-Whitney U,515.0,0.34028846509891686,,-4.571389987097847,0.5722222222222222,
Total Energy (J),Google,Startpage,7.562809244791667,20.681154378254238,Mann-Whitney U,89.0,9.83289055492182e-08,,173.45862772483486,0.09888888888888889,
Total Energy (J),Google,OceanHero,7.562809244791667,20.65232137044465,Mann-Whitney U,55.0,5.4617466566169245e-09,,173.07738040156747,0.06111111111111111,
Total Energy (J),Google,Ecosia,7.562809244791667,15.552020263672846,Mann-Whitney U,107.0,4.1127057365406515e-07,,105.63814001236598,0.11888888888888889,
Total Energy (J),Google,You.com,7.562809244791667,27.587994384766596,Mann-Whitney U,42.0,1.6947244610469585e-09,,264.78500900661766,0.04666666666666667,
Total Energy (J),Google,Google,7.562809244791667,7.562809244791667,Welch t-test,0.0,1.0,0.0,0.0,,
Total Energy (J),Google,Swisscows,7.562809244791667,13.254549153646076,Welch t-test,-2.6348413917039117,0.01184513250774006,-0.680313121997815,75.25959897473523,,
Total Energy (J),Google,Brave Search,7.562809244791667,13.66390380859278,Mann-Whitney U,102.0,2.782874101251223e-07,,80.6723317529501,0.11333333333333333,
Total Energy (J),Google,Qwant,7.562809244791667,13.008162434895834,Welch t-test,-3.8996139240580217,0.00025830132403020144,-1.0068759856343514,72.00172599691386,,
Total Energy (J),Swisscows,Bing,13.254549153646076,21.577244059246006,Welch t-test,-1.8248484973839576,0.07522357658458552,-0.47117385598131317,62.791233478586584,,
Total Energy (J),Swisscows,DuckDuckGo,13.254549153646076,17.490578206382633,Welch t-test,-1.5363332127706923,0.12989528513638687,-0.39667952981908183,31.959058008180573,,
Total Energy (J),Swisscows,Mojeek,13.254549153646076,7.21708374023195,Mann-Whitney U,802.0,2.028294855539196e-07,,-45.55013786910537,0.8911111111111111,
Total Energy (J),Swisscows,Startpage,13.254549153646076,20.681154378254238,Mann-Whitney U,406.0,0.5201446121616038,,56.03061362947409,0.45111111111111113,
Total Energy (J),Swisscows,OceanHero,13.254549153646076,20.65232137044465,Mann-Whitney U,126.0,1.7290312624849194e-06,,55.81308070945277,0.14,
Total Energy (J),Swisscows,Ecosia,13.254549153646076,15.552020263672846,Mann-Whitney U,368.0,0.22823006680742364,,17.333453468651395,0.4088888888888889,
Total Energy (J),Swisscows,You.com,13.254549153646076,27.587994384766596,Mann-Whitney U,86.0,7.694963560950099e-08,,108.13981724287967,0.09555555555555556,
Total Energy (J),Swisscows,Google,13.254549153646076,7.562809244791667,Welch t-test,2.6348413917039117,0.01184513250774006,0.680313121997815,-42.94178431024732,,
Total Energy (J),Swisscows,Swisscows,13.254549153646076,13.254549153646076,Welch t-test,0.0,1.0,0.0,0.0,,
Total Energy (J),Swisscows,Brave Search,13.254549153646076,13.66390380859278,Mann-Whitney U,457.0,0.9234421319782358,,3.0884087433037872,0.5077777777777778,
Total Energy (J),Swisscows,Qwant,13.254549153646076,13.008162434895834,Welch t-test,0.11038544688106065,0.9125977315727738,0.02850139982893409,-1.8588841905834745,,
Total Energy (J),Brave Search,Bing,13.66390380859278,21.577244059246006,Mann-Whitney U,159.0,1.7479133317173934e-05,,57.914197593200164,0.17666666666666667,
Total Energy (J),Brave Search,DuckDuckGo,13.66390380859278,17.490578206382633,Mann-Whitney U,257.0,0.004427193167173018,,28.005718214902707,0.28555555555555556,
Total Energy (J),Brave Search,Mojeek,13.66390380859278,7.21708374023195,Mann-Whitney U,792.0,4.4440478739951943e-07,,-47.18139236538416,0.88,
Total Energy (J),Brave Search,Startpage,13.66390380859278,20.681154378254238,Mann-Whitney U,367.0,0.22257289646656508,,51.35611804620975,0.4077777777777778,
Total Energy (J),Brave Search,OceanHero,13.66390380859278,20.65232137044465,Mann-Whitney U,188.0,0.00011057725968083765,,51.14510215928982,0.2088888888888889,
Total Energy (J),Brave Search,Ecosia,13.66390380859278,15.552020263672846,Mann-Whitney U,374.0,0.26432621279678536,,13.818279764913829,0.41555555555555557,
Total Energy (J),Brave Search,You.com,13.66390380859278,27.587994384766596,Mann-Whitney U,97.0,1.8730978430511631e-07,,101.9041905682724,0.10777777777777778,
Total Energy (J),Brave Search,Google,13.66390380859278,7.562809244791667,Mann-Whitney U,798.0,2.782874101251223e-07,,-44.65118204333622,0.8866666666666667,
Total Energy (J),Brave Search,Swisscows,13.66390380859278,13.254549153646076,Mann-Whitney U,443.0,0.9234421319782358,,-2.995883611894822,0.4922222222222222,
Total Energy (J),Brave Search,Brave Search,13.66390380859278,13.66390380859278,Mann-Whitney U,450.0,1.0,,0.0,0.5,
Total Energy (J),Brave Search,Qwant,13.66390380859278,13.008162434895834,Mann-Whitney U,383.0,0.32552658677915214,,-4.799077795648503,0.4255555555555556,
Total Energy (J),Qwant,Bing,13.008162434895834,21.577244059246006,Welch t-test,-2.0150544986290475,0.0521407597465413,-0.5202848343260423,65.8746511449047,,
Total Energy (J),Qwant,DuckDuckGo,13.008162434895834,17.490578206382633,Welch t-test,-2.027883588902261,0.048511617776220956,-0.5235972911910521,34.458485538758524,,
Total Energy (J),Qwant,Mojeek,13.008162434895834,7.21708374023195,Mann-Whitney U,785.0,7.599145368665679e-07,,-44.51880673882634,0.8722222222222222,
Total Energy (J),Qwant,Startpage,13.008162434895834,20.681154378254238,Mann-Whitney U,475.0,0.717188813606376,,58.98597885566647,0.5277777777777778,
Total Energy (J),Qwant,OceanHero,13.008162434895834,20.65232137044465,Mann-Whitney U,196.0,0.00017835554843874464,,58.764325659422234,0.21777777777777776,
Total Energy (J),Qwant,Ecosia,13.008162434895834,15.552020263672846,Mann-Whitney U,462.0,0.8649937061644875,,19.555858419732157,0.5133333333333333,
Total Energy (J),Qwant,You.com,13.008162434895834,27.587994384766596,Mann-Whitney U,95.0,1.596405099603832e-07,,112.0821793457833,0.10555555555555556,
Total Energy (J),Qwant,Google,13.008162434895834,7.562809244791667,Welch t-test,3.8996139240580217,0.00025830132403020144,1.0068759856343514,-41.86104853285354,,
Total Energy (J),Qwant,Swisscows,13.008162434895834,13.254549153646076,Welch t-test,-0.11038544688106065,0.9125977315727738,-0.02850139982893409,1.894093189436834,,
Total Energy (J),Qwant,Brave Search,13.008162434895834,13.66390380859278,Mann-Whitney U,517.0,0.32552658677915214,,5.04099927240951,0.5744444444444444,
Total Energy (J),Qwant,Qwant,13.008162434895834,13.008162434895834,Welch t-test,0.0,1.0,0.0,0.0,,
Average Power (W),Bing,Bing,5.747099378982114,5.747099378982114,Welch t-test,0.0,1.0,,0.0,,0.0
Average Power (W),Bing,DuckDuckGo,5.747099378982114,7.74194169273874,Mann-Whitney U,119.0,1.027733258891446e-06,,34.71041967800353,0.1322222222222222,
Average Power (W),Bing,Mojeek,5.747099378982114,4.372370103840137,Mann-Whitney U,661.0,0.0018574800226340267,,-23.92040200608919,0.7344444444444445,
Average Power (W),Bing,Startpage,5.747099378982114,3.0188218640000257,Mann-Whitney U,794.0,3.805262810100767e-07,,-47.472252262763234,0.8822222222222222,
Average Power (W),Bing,OceanHero,5.747099378982114,4.958121786236343,Mann-Whitney U,604.0,0.02324344705367121,,-13.728274747277974,0.6711111111111111,
Average Power (W),Bing,Ecosia,5.747099378982114,7.7343333954462885,Mann-Whitney U,143.0,5.858675152587995e-06,,34.57803468183875,0.15888888888888889,
Average Power (W),Bing,You.com,5.747099378982114,9.372036312915178,Mann-Whitney U,83.0,6.010385631570395e-08,,63.07419960736937,0.09222222222222222,
Average Power (W),Bing,Google,5.747099378982114,2.439375790867424,Welch t-test,2.641631203574847,0.01255494875669837,,-57.55466140382857,,0.6820662438844823
Average Power (W),Bing,Swisscows,5.747099378982114,4.644908038189548,Welch t-test,0.7709727657650063,0.4444608087295041,,-19.17821962194394,,0.1990643121458227
Average Power (W),Bing,Brave Search,5.747099378982114,5.748318104548938,Welch t-test,-0.0008418454358459802,0.9993316684966012,,0.021205924701444286,,-0.00021736355687414701
Average Power (W),Bing,Qwant,5.747099378982114,5.681988480552119,Mann-Whitney U,346.0,0.12597019317097233,,-1.1329349666044413,0.3844444444444444,
Average Power (W),DuckDuckGo,Bing,7.74194169273874,5.747099378982114,Mann-Whitney U,781.0,1.027733258891446e-06,,-25.766692555016434,0.8677777777777778,
Average Power (W),DuckDuckGo,DuckDuckGo,7.74194169273874,7.74194169273874,Mann-Whitney U,450.0,1.0,,0.0,0.5,
Average Power (W),DuckDuckGo,Mojeek,7.74194169273874,4.372370103840137,Mann-Whitney U,806.0,1.473317499078265e-07,,-43.523598118272645,0.8955555555555555,
Average Power (W),DuckDuckGo,Startpage,7.74194169273874,3.0188218640000257,Mann-Whitney U,822.0,3.964765355918728e-08,,-61.00691552829163,0.9133333333333333,
Average Power (W),DuckDuckGo,OceanHero,7.74194169273874,4.958121786236343,Mann-Whitney U,719.0,7.19878817481734e-05,,-35.957644955055336,0.7988888888888889,
Average Power (W),DuckDuckGo,Ecosia,7.74194169273874,7.7343333954462885,Mann-Whitney U,432.0,0.795845542466455,,-0.09827376121402846,0.48,
Average Power (W),DuckDuckGo,You.com,7.74194169273874,9.372036312915178,Mann-Whitney U,241.0,0.0020523338723804135,,21.05537195798469,0.2677777777777778,
Average Power (W),DuckDuckGo,Google,7.74194169273874,2.439375790867424,Mann-Whitney U,856.0,2.0337965170597153e-09,,-68.49142130383979,0.9511111111111111,
Average Power (W),DuckDuckGo,Swisscows,7.74194169273874,4.644908038189548,Mann-Whitney U,799.0,2.572118175546942e-07,,-40.00331928944825,0.8877777777777778,
Average Power (W),DuckDuckGo,Brave Search,7.74194169273874,5.748318104548938,Mann-Whitney U,716.0,8.663432943179647e-05,,-25.750950695736258,0.7955555555555556,
Average Power (W),DuckDuckGo,Qwant,7.74194169273874,5.681988480552119,Mann-Whitney U,632.0,0.00728836046503409,,-26.60770765192763,0.7022222222222222,
Average Power (W),Mojeek,Bing,4.372370103840137,5.747099378982114,Mann-Whitney U,239.0,0.0018574800226340267,,31.44128338848966,0.26555555555555554,
Average Power (W),Mojeek,DuckDuckGo,4.372370103840137,7.74194169273874,Mann-Whitney U,94.0,1.473317499078265e-07,,77.06510448278836,0.10444444444444445,
Average Power (W),Mojeek,Mojeek,4.372370103840137,4.372370103840137,Mann-Whitney U,450.0,1.0,,0.0,0.5,
Average Power (W),Mojeek,Startpage,4.372370103840137,3.0188218640000257,Mann-Whitney U,776.0,1.4918040168154107e-06,,-30.95685423910765,0.8622222222222222,
Average Power (W),Mojeek,OceanHero,4.372370103840137,4.958121786236343,Mann-Whitney U,376.0,0.27718918977304785,,13.396662873569559,0.4177777777777778,
Average Power (W),Mojeek,Ecosia,4.372370103840137,7.7343333954462885,Mann-Whitney U,106.0,3.805262810100767e-07,,76.89109594481558,0.11777777777777777,
Average Power (W),Mojeek,You.com,4.372370103840137,9.372036312915178,Mann-Whitney U,61.0,9.26028739563309e-09,,114.34682083943369,0.06777777777777778,
Average Power (W),Mojeek,Google,4.372370103840137,2.439375790867424,Mann-Whitney U,794.0,3.805262810100767e-07,,-44.20930221060232,0.8822222222222222,
Average Power (W),Mojeek,Swisscows,4.372370103840137,4.644908038189548,Mann-Whitney U,347.0,0.12967022490828164,,6.233185386343396,0.38555555555555554,
Average Power (W),Mojeek,Brave Search,4.372370103840137,5.748318104548938,Mann-Whitney U,199.0,0.00021264638274527632,,31.46915672807164,0.22111111111111112,
Average Power (W),Mojeek,Qwant,4.372370103840137,5.681988480552119,Mann-Whitney U,196.0,0.00017835554843874464,,29.95213912842783,0.21777777777777776,
Average Power (W),Startpage,Bing,3.0188218640000257,5.747099378982114,Mann-Whitney U,106.0,3.805262810100767e-07,,90.37557159358326,0.11777777777777777,
Average Power (W),Startpage,DuckDuckGo,3.0188218640000257,7.74194169273874,Mann-Whitney U,78.0,3.964765355918728e-08,,156.45573145811406,0.08666666666666667,
Average Power (W),Startpage,Mojeek,3.0188218640000257,4.372370103840137,Mann-Whitney U,124.0,1.4918040168154107e-06,,44.836969547008,0.13777777777777778,
Average Power (W),Startpage,Startpage,3.0188218640000257,3.0188218640000257,Mann-Whitney U,450.0,1.0,,0.0,0.5,
Average Power (W),Startpage,OceanHero,3.0188218640000257,4.958121786236343,Mann-Whitney U,110.0,5.185675139382169e-07,,64.24029007351527,0.12222222222222222,
Average Power (W),Startpage,Ecosia,3.0188218640000257,7.7343333954462885,Mann-Whitney U,83.0,6.010385631570395e-08,,156.20370276496124,0.09222222222222222,
Average Power (W),Startpage,You.com,3.0188218640000257,9.372036312915178,Mann-Whitney U,75.0,3.0810543518021204e-08,,210.45343962419034,0.08333333333333333,
Average Power (W),Startpage,Google,3.0188218640000257,2.439375790867424,Mann-Whitney U,291.0,0.01911239675982854,,-19.194444032706816,0.3233333333333333,
Average Power (W),Startpage,Swisscows,3.0188218640000257,4.644908038189548,Mann-Whitney U,111.0,5.599907101277584e-07,,53.864926366834744,0.12333333333333334,
Average Power (W),Startpage,Brave Search,3.0188218640000257,5.748318104548938,Mann-Whitney U,100.0,2.3768200504545059e-07,,90.41594249394535,0.1111111111111111,
Average Power (W),Startpage,Qwant,3.0188218640000257,5.681988480552119,Mann-Whitney U,97.0,1.8730978430511631e-07,,88.21874017512648,0.10777777777777778,
Average Power (W),OceanHero,Bing,4.958121786236343,5.747099378982114,Mann-Whitney U,296.0,0.02324344705367121,,15.912832051361836,0.3288888888888889,
Average Power (W),OceanHero,DuckDuckGo,4.958121786236343,7.74194169273874,Mann-Whitney U,181.0,7.19878817481734e-05,,56.14666251704892,0.2011111111111111,
Average Power (W),OceanHero,Mojeek,4.958121786236343,4.372370103840137,Mann-Whitney U,524.0,0.27718918977304785,,-11.813983351966918,0.5822222222222222,
Average Power (W),OceanHero,Startpage,4.958121786236343,3.0188218640000257,Mann-Whitney U,790.0,5.185675139382169e-07,,-39.113599984973725,0.8777777777777778,
Average Power (W),OceanHero,OceanHero,4.958121786236343,4.958121786236343,Mann-Whitney U,450.0,1.0,,0.0,0.5,
Average Power (W),OceanHero,Ecosia,4.958121786236343,7.7343333954462885,Mann-Whitney U,187.0,0.00010406563331101462,,55.993211318783246,0.20777777777777778,
Average Power (W),OceanHero,You.com,4.958121786236343,9.372036312915178,Mann-Whitney U,106.0,3.805262810100767e-07,,89.02392310999264,0.11777777777777777,
Average Power (W),OceanHero,Google,4.958121786236343,2.439375790867424,Mann-Whitney U,816.0,6.527736457495676e-08,,-50.80040595938794,0.9066666666666666,
Average Power (W),OceanHero,Swisscows,4.958121786236343,4.644908038189548,Mann-Whitney U,418.0,0.641423522520332,,-6.3171854494633655,0.46444444444444444,
Average Power (W),OceanHero,Brave Search,4.958121786236343,5.748318104548938,Mann-Whitney U,271.0,0.00831460908674944,,15.93741243924596,0.3011111111111111,
Average Power (W),OceanHero,Qwant,4.958121786236343,5.681988480552119,Mann-Whitney U,263.0,0.005828168439115262,,14.599615046270479,0.2922222222222222,
Average Power (W),Ecosia,Bing,7.7343333954462885,5.747099378982114,Mann-Whitney U,757.0,5.858675152587995e-06,,-25.693668928652475,0.8411111111111111,
Average Power (W),Ecosia,DuckDuckGo,7.7343333954462885,7.74194169273874,Mann-Whitney U,468.0,0.795845542466455,,0.09837043353898976,0.52,
Average Power (W),Ecosia,Mojeek,7.7343333954462885,4.372370103840137,Mann-Whitney U,794.0,3.805262810100767e-07,,-43.46804203689437,0.8822222222222222,
Average Power (W),Ecosia,Startpage,7.7343333954462885,3.0188218640000257,Mann-Whitney U,817.0,6.010385631570395e-08,,-60.96855786204658,0.9077777777777778,
Average Power (W),Ecosia,OceanHero,7.7343333954462885,4.958121786236343,Mann-Whitney U,713.0,0.00010406563331101462,,-35.894646212749045,0.7922222222222223,
Average Power (W),Ecosia,Ecosia,7.7343333954462885,7.7343333954462885,Mann-Whitney U,450.0,1.0,,0.0,0.5,
Average Power (W),Ecosia,You.com,7.7343333954462885,9.372036312915178,Mann-Whitney U,229.0,0.001114256468355765,,21.174454652201995,0.2544444444444444,
Average Power (W),Ecosia,Google,7.7343333954462885,2.439375790867424,Mann-Whitney U,848.0,4.18250049245679e-09,,-68.4604261783744,0.9422222222222222,
Average Power (W),Ecosia,Swisscows,7.7343333954462885,4.644908038189548,Mann-Whitney U,779.0,1.1936801001725348e-06,,-39.94430029452427,0.8655555555555555,
Average Power (W),Ecosia,Brave Search,7.7343333954462885,5.748318104548938,Mann-Whitney U,690.0,0.0003988101938466105,,-25.677911584037076,0.7666666666666667,
Average Power (W),Ecosia,Qwant,7.7343333954462885,5.681988480552119,Mann-Whitney U,624.0,0.010314672402337998,,-26.53551133576063,0.6933333333333334,
Average Power (W),You.com,Bing,9.372036312915178,5.747099378982114,Mann-Whitney U,817.0,6.010385631570395e-08,,-38.678221177373196,0.9077777777777778,
Average Power (W),You.com,DuckDuckGo,9.372036312915178,7.74194169273874,Mann-Whitney U,659.0,0.0020523338723804135,,-17.39317439402234,0.7322222222222222,
Average Power (W),You.com,Mojeek,9.372036312915178,4.372370103840137,Mann-Whitney U,839.0,9.26028739563309e-09,,-53.346637189030396,0.9322222222222222,
Average Power (W),You.com,Startpage,9.372036312915178,3.0188218640000257,Mann-Whitney U,825.0,3.0810543518021204e-08,,-67.78905071206431,0.9166666666666666,
Average Power (W),You.com,OceanHero,9.372036312915178,4.958121786236343,Mann-Whitney U,794.0,3.805262810100767e-07,,-47.09664345406152,0.8822222222222222,
Average Power (W),You.com,Ecosia,9.372036312915178,7.7343333954462885,Mann-Whitney U,671.0,0.001114256468355765,,-17.474355228564846,0.7455555555555555,
Average Power (W),You.com,You.com,9.372036312915178,9.372036312915178,Mann-Whitney U,450.0,1.0,,0.0,0.5,
Average Power (W),You.com,Google,9.372036312915178,2.439375790867424,Mann-Whitney U,858.0,1.6947244610469585e-09,,-73.9717633455407,0.9533333333333334,
Average Power (W),You.com,Swisscows,9.372036312915178,4.644908038189548,Mann-Whitney U,820.0,4.685631959716094e-08,,-50.438646596059264,0.9111111111111111,
Average Power (W),You.com,Brave Search,9.372036312915178,5.748318104548938,Mann-Whitney U,770.0,2.3167867652540457e-06,,-38.66521732713048,0.8555555555555555,
Average Power (W),You.com,Qwant,9.372036312915178,5.681988480552119,Mann-Whitney U,762.0,4.117756415821909e-06,,-39.372957051798565,0.8466666666666667,
Average Power (W),Google,Bing,2.439375790867424,5.747099378982114,Welch t-test,-2.641631203574847,0.01255494875669837,,135.5971310569778,,-0.6820662438844823
Average Power (W),Google,DuckDuckGo,2.439375790867424,7.74194169273874,Mann-Whitney U,44.0,2.0337965170597153e-09,,217.37388399619078,0.04888888888888889,
Average Power (W),Google,Mojeek,2.439375790867424,4.372370103840137,Mann-Whitney U,106.0,3.805262810100767e-07,,79.24135019333589,0.11777777777777777,
Average Power (W),Google,Startpage,2.439375790867424,3.0188218640000257,Mann-Whitney U,609.0,0.01911239675982854,,23.753866677776404,0.6766666666666666,
Average Power (W),Google,OceanHero,2.439375790867424,4.958121786236343,Mann-Whitney U,84.0,6.527736457495676e-08,,103.25370960877132,0.09333333333333334,
Average Power (W),Google,Ecosia,2.439375790867424,7.7343333954462885,Mann-Whitney U,52.0,4.18250049245679e-09,,217.06198874327666,0.057777777777777775,
Average Power (W),Google,You.com,2.439375790867424,9.372036312915178,Mann-Whitney U,42.0,1.6947244610469585e-09,,284.1981357690916,0.04666666666666667,
Average Power (W),Google,Google,2.439375790867424,2.439375790867424,Welch t-test,0.0,1.0,,0.0,,0.0
Average Power (W),Google,Swisscows,2.439375790867424,4.644908038189548,Welch t-test,-2.7047700290355134,0.010139058290300672,,90.4137958398715,,-0.6983686185183663
Average Power (W),Google,Brave Search,2.439375790867424,5.748318104548938,Welch t-test,-3.9080111644418403,0.0003749447405207477,,135.64709160718851,,-1.0090441437783935
Average Power (W),Google,Qwant,2.439375790867424,5.681988480552119,Mann-Whitney U,60.0,8.48477290014798e-09,,132.9279687789164,0.06666666666666667,
Average Power (W),Swisscows,Bing,4.644908038189548,5.747099378982114,Welch t-test,-0.7709727657650063,0.4444608087295041,,23.729023949033206,,-0.1990643121458227
Average Power (W),Swisscows,DuckDuckGo,4.644908038189548,7.74194169273874,Mann-Whitney U,101.0,2.572118175546942e-07,,66.67588742524012,0.11222222222222222,
Average Power (W),Swisscows,Mojeek,4.644908038189548,4.372370103840137,Mann-Whitney U,553.0,0.12967022490828164,,-5.867455977785912,0.6144444444444445,
Average Power (W),Swisscows,Startpage,4.644908038189548,3.0188218640000257,Mann-Whitney U,789.0,5.599907101277584e-07,,-35.00793042230657,0.8766666666666667,
Average Power (W),Swisscows,OceanHero,4.644908038189548,4.958121786236343,Mann-Whitney U,482.0,0.641423522520332,,6.743163599184562,0.5355555555555556,
Average Power (W),Swisscows,Ecosia,4.644908038189548,7.7343333954462885,Mann-Whitney U,121.0,1.1936801001725348e-06,,66.51208876163048,0.13444444444444445,
Average Power (W),Swisscows,You.com,4.644908038189548,9.372036312915178,Mann-Whitney U,80.0,4.685631959716094e-08,,101.77011548689627,0.08888888888888889,
Average Power (W),Swisscows,Google,4.644908038189548,2.439375790867424,Welch t-test,2.7047700290355134,0.010139058290300672,,-47.48279684309481,,0.6983686185183663
Average Power (W),Swisscows,Swisscows,4.644908038189548,4.644908038189548,Welch t-test,0.0,1.0,,0.0,,0.0
Average Power (W),Swisscows,Brave Search,4.644908038189548,5.748318104548938,Welch t-test,-1.0102990554159645,0.31655628530217356,,23.75526183268567,,-0.2608580944210076
Average Power (W),Swisscows,Qwant,4.644908038189548,5.681988480552119,Mann-Whitney U,230.0,0.0011737583520143354,,22.327254572876225,0.25555555555555554,
Average Power (W),Brave Search,Bing,5.748318104548938,5.747099378982114,Welch t-test,0.0008418454358459802,0.9993316684966012,,-0.021201428742429536,,0.00021736355687414701
Average Power (W),Brave Search,DuckDuckGo,5.748318104548938,7.74194169273874,Mann-Whitney U,184.0,8.663432943179647e-05,,34.681859144366875,0.20444444444444446,
Average Power (W),Brave Search,Mojeek,5.748318104548938,4.372370103840137,Mann-Whitney U,701.0,0.00021264638274527632,,-23.936531967845397,0.7788888888888889,
Average Power (W),Brave Search,Startpage,5.748318104548938,3.0188218640000257,Mann-Whitney U,800.0,2.3768200504545059e-07,,-47.48338889576974,0.8888888888888888,
Average Power (W),Brave Search,OceanHero,5.748318104548938,4.958121786236343,Mann-Whitney U,629.0,0.00831460908674944,,-13.746565585632295,0.6988888888888889,
Average Power (W),Brave Search,Ecosia,5.748318104548938,7.7343333954462885,Mann-Whitney U,210.0,0.0003988101938466105,,34.54950221571272,0.23333333333333334,
Average Power (W),Brave Search,You.com,5.748318104548938,9.372036312915178,Mann-Whitney U,130.0,2.3167867652540457e-06,,63.03962554714233,0.14444444444444443,
Average Power (W),Brave Search,Google,5.748318104548938,2.439375790867424,Welch t-test,3.9080111644418403,0.0003749447405207477,,-57.563660422045515,,1.0090441437783935
Average Power (W),Brave Search,Swisscows,5.748318104548938,4.644908038189548,Welch t-test,1.0102990554159645,0.31655628530217356,,-19.195354994119157,,0.2608580944210076
Average Power (W),Brave Search,Brave Search,5.748318104548938,5.748318104548938,Welch t-test,0.0,1.0,,0.0,,0.0
Average Power (W),Brave Search,Qwant,5.748318104548938,5.681988480552119,Mann-Whitney U,413.0,0.5894511694056184,,-1.1538961969472283,0.4588888888888889,
Average Power (W),Qwant,Bing,5.681988480552119,5.747099378982114,Mann-Whitney U,554.0,0.12597019317097233,,1.1459174662682217,0.6155555555555555,
Average Power (W),Qwant,DuckDuckGo,5.681988480552119,7.74194169273874,Mann-Whitney U,268.0,0.00728836046503409,,36.254089905977,0.29777777777777775,
Average Power (W),Qwant,Mojeek,5.681988480552119,4.372370103840137,Mann-Whitney U,704.0,0.00017835554843874464,,-23.048592604410324,0.7822222222222223,
Average Power (W),Qwant,Startpage,5.681988480552119,3.0188218640000257,Mann-Whitney U,803.0,1.8730978430511631e-07,,-46.87032762680492,0.8922222222222222,
Average Power (W),Qwant,OceanHero,5.681988480552119,4.958121786236343,Mann-Whitney U,637.0,0.005828168439115262,,-12.7396719791561,0.7077777777777777,
Average Power (W),Qwant,Ecosia,5.681988480552119,7.7343333954462885,Mann-Whitney U,276.0,0.010314672402337998,,36.12018788701845,0.30666666666666664,
Average Power (W),Qwant,You.com,5.681988480552119,9.372036312915178,Mann-Whitney U,138.0,4.117756415821909e-06,,64.94289534364732,0.15333333333333332,
Average Power (W),Qwant,Google,5.681988480552119,2.439375790867424,Mann-Whitney U,840.0,8.48477290014798e-09,,-57.06827285523835,0.9333333333333333,
Average Power (W),Qwant,Swisscows,5.681988480552119,4.644908038189548,Mann-Whitney U,670.0,0.0011737583520143354,,-18.252068724042854,0.7444444444444445,
Average Power (W),Qwant,Brave Search,5.681988480552119,5.748318104548938,Mann-Whitney U,487.0,0.5894511694056184,,1.1673663933647036,0.5411111111111111,
Average Power (W),Qwant,Qwant,5.681988480552119,5.681988480552119,Mann-Whitney U,450.0,1.0,,0.0,0.5,
